90001,AT&T Internet,Spectrum,T-Mobile 5G Home Internet,Viasat,HughesNet,EarthLink,Verizon
90002,AT&T Internet,Spectrum,T-Mobile 5G Home Internet,Viasat,HughesNet,EarthLink,Verizon,Towerstream,Sonic
90003,AT&T Internet,Spectrum,T-Mobile 5G Home Internet,Viasat,HughesNet,EarthLink,Verizon,Towerstream
90004,AT&T Internet,Spectrum,T-Mobile 5G Home Internet,Viasat,HughesNet,EarthLink,Starry Internet,Verizon,Sonic,Towerstream,ConnectTo
90005,AT&T Internet,Spectrum,T-Mobile 5G Home Internet,Viasat,HughesNet,EarthLink,Starry Internet,Verizon,Sonic,Astound Broadband Powered by Wave
90006,AT&T Internet,Spectrum,T-Mobile 5G Home Internet,Viasat,HughesNet,EarthLink,Starry Internet,Verizon,Sonic
90007,AT&T Internet,Spectrum,T-Mobile 5G Home Internet,Viasat,HughesNet,Frontier,EarthLink,Verizon,Starry Internet,Sonic,Towerstream,ConnectTo
90008,AT&T Internet,Spectrum,T-Mobile 5G Home Internet,Viasat,HughesNet,Rise Broadband,EarthLink,Starry Internet,Verizon,Sonic
90010,AT&T Internet,Spectrum,T-Mobile 5G Home Internet,Viasat,HughesNet,EarthLink,Starry Internet,Verizon,Sonic,Towerstream
90011,AT&T Internet,Spectrum,T-Mobile 5G Home Internet,Viasat,HughesNet,Frontier,EarthLink,Verizon,Starry Internet,Sonic,Towerstream
90012,AT&T Internet,Spectrum,T-Mobile 5G Home Internet,Viasat,HughesNet,Frontier,Verizon,Starry Internet,EarthLink 5G Home Internet,Sonic,Race,Towerstream
90013,AT&T Internet,Spectrum,T-Mobile 5G Home Internet,Viasat,HughesNet,EarthLink,Starry Internet,Verizon,Smartaira,Sonic,Towerstream
90014,AT&T Internet,Spectrum,T-Mobile 5G Home Internet,Viasat,HughesNet,Frontier,EarthLink,Starry Internet,Verizon,Sonic,Smartaira,ConnectTo,Towerstream,Race,Astound Broadband Powered by Wave
90015,AT&T Internet,Spectrum,T-Mobile 5G Home Internet,Viasat,HughesNet,EarthLink,Starry Internet,Verizon,Sonic,Towerstream,ConnectTo
90016,AT&T Internet,Spectrum,T-Mobile 5G Home Internet,Viasat,HughesNet,Rise Broadband,EarthLink,Starry Internet,Verizon,Towerstream,Sonic
90017,AT&T Internet,Spectrum,T-Mobile 5G Home Internet,Viasat,HughesNet,EarthLink,Starry Internet,Verizon,Smartaira,Sonic,Towerstream
90018,AT&T Internet,Spectrum,T-Mobile 5G Home Internet,Viasat,HughesNet,Frontier,EarthLink,Starry Internet,Verizon,Sonic,Towerstream
90019,AT&T Internet,Spectrum,T-Mobile 5G Home Internet,Viasat,HughesNet,Rise Broadband,EarthLink,Starry Internet,Verizon,Sonic,Towerstream
90020,AT&T Internet,Spectrum,T-Mobile 5G Home Internet,Viasat,HughesNet,EarthLink,Starry Internet,Verizon,Sonic,Towerstream
90021,AT&T Internet,Spectrum,T-Mobile 5G Home Internet,Viasat,HughesNet,EarthLink,Starry Internet,Verizon,Towerstream,ConnectTo,Sonic
90022,AT&T Internet,Spectrum,T-Mobile 5G Home Internet,Viasat,HughesNet,Google Fiber,EarthLink,Verizon,Sonic,Towerstream
90023,AT&T Internet,Spectrum,Viasat,HughesNet,T-Mobile 5G Home Internet,EarthLink,Verizon,Sonic,Towerstream,Starry Internet
90024,Spectrum,T-Mobile 5G Home Internet,Frontier,Viasat,HughesNet,AT&T Internet,Starry Internet,Verizon,EarthLink,Smartaira,Towerstream,Sonic
90025,Spectrum,Frontier,T-Mobile 5G Home Internet,Viasat,HughesNet,AT&T Internet,Starry Internet,Verizon,EarthLink,Race,Sonic,Towerstream
90026,AT&T Internet,Spectrum,T-Mobile 5G Home Internet,Viasat,HughesNet,EarthLink,Starry Internet,Verizon,Sonic,Towerstream
90027,AT&T Internet,Spectrum,T-Mobile 5G Home Internet,Viasat,HughesNet,EarthLink,Verizon,Starry Internet,ConnectTo,Go Creative Wireless,Sonic,Webpass
90028,AT&T Internet,Spectrum,T-Mobile 5G Home Internet,Viasat,HughesNet,EarthLink,Starry Internet,Verizon,ConnectTo,Sonic,Towerstream,Smartaira
90029,AT&T Internet,Spectrum,T-Mobile 5G Home Internet,Viasat,HughesNet,EarthLink,Starry Internet,Verizon,ConnectTo,Sonic,Towerstream
90031,AT&T Internet,Spectrum,T-Mobile 5G Home Internet,Viasat,HughesNet,EarthLink,Verizon,Sonic,Towerstream
90032,AT&T Internet,Spectrum,T-Mobile 5G Home Internet,Viasat,HughesNet,EarthLink,Verizon
90033,AT&T Internet,Spectrum,T-Mobile 5G Home Internet,Viasat,HughesNet,Verizon,EarthLink 5G Home Internet,Starry Internet,Sonic,Towerstream,ConnectTo
90034,AT&T Internet,Spectrum,T-Mobile 5G Home Internet,Viasat,HughesNet,Frontier,Starry Internet,EarthLink,Verizon,Sonic,Smartaira,Towerstream
90035,AT&T Internet,Spectrum,T-Mobile 5G Home Internet,Viasat,HughesNet,EarthLink,Starry Internet,Verizon,Towerstream,Sonic,ConnectTo
90036,AT&T Internet,Spectrum,T-Mobile 5G Home Internet,Viasat,HughesNet,EarthLink,Starry Internet,Verizon,Sonic,Towerstream,ConnectTo
90037,AT&T Internet,Spectrum,T-Mobile 5G Home Internet,Viasat,HughesNet,Verizon,EarthLink 5G Home Internet,Sonic,Towerstream
90038,AT&T Internet,Spectrum,T-Mobile 5G Home Internet,Viasat,HughesNet,EarthLink,Starry Internet,Verizon,ConnectTo,Sonic,Towerstream
90039,AT&T Internet,Spectrum,T-Mobile 5G Home Internet,Viasat,HughesNet,EarthLink,Verizon,Starry Internet,Go Creative Wireless,ConnectTo
90040,AT&T Internet,Spectrum,T-Mobile 5G Home Internet,Viasat,HughesNet,Frontier,EarthLink,Verizon,Towerstream,Sonic
90041,AT&T Internet,Spectrum,T-Mobile 5G Home Internet,Viasat,HughesNet,EarthLink,Sonic,Starry Internet
90042,AT&T Internet,Spectrum,T-Mobile 5G Home Internet,Viasat,HughesNet,EarthLink,Verizon,Sonic,Towerstream
90043,AT&T Internet,Spectrum,T-Mobile 5G Home Internet,Viasat,HughesNet,EarthLink,Verizon,Starry Internet,Sonic
90044,AT&T Internet,Spectrum,T-Mobile 5G Home Internet,Viasat,HughesNet,EarthLink,Verizon,Sonic
90045,AT&T Internet,Spectrum,T-Mobile 5G Home Internet,Viasat,HughesNet,Frontier,EarthLink,Starry Internet,Verizon,Sonic,Smartaira,Race,Towerstream
90046,AT&T Internet,Spectrum,T-Mobile 5G Home Internet,Viasat,HughesNet,EarthLink,Starry Internet,Verizon,Sonic,Towerstream,ConnectTo,Astound Broadband Powered by Wave
90047,AT&T Internet,Spectrum,T-Mobile 5G Home Internet,Viasat,HughesNet,Frontier,EarthLink,Verizon,Starry Internet,Sonic
90048,AT&T Internet,Spectrum,T-Mobile 5G Home Internet,Viasat,HughesNet,EarthLink,Starry Internet,Verizon,Sonic,Towerstream
90049,Spectrum,Frontier,T-Mobile 5G Home Internet,Viasat,HughesNet,AT&T Internet,Starry Internet,Verizon,EarthLink,Towerstream,Smartaira
90056,AT&T Internet,Spectrum,T-Mobile 5G Home Internet,Viasat,HughesNet,EarthLink,Verizon,Starry Internet
90057,AT&T Internet,Spectrum,T-Mobile 5G Home Internet,Viasat,HughesNet,Frontier,Rise Broadband,EarthLink,Starry Internet,Verizon,Sonic,Towerstream,Smartaira
90058,AT&T Internet,Spectrum,T-Mobile 5G Home Internet,Viasat,HughesNet,EarthLink,Verizon,Sonic,Towerstream,Mitec,Starry Internet
90059,AT&T Internet,Spectrum,T-Mobile 5G Home Internet,Viasat,HughesNet,EarthLink,Verizon,Towerstream
90061,AT&T Internet,Spectrum,T-Mobile 5G Home Internet,Viasat,HughesNet,EarthLink,Verizon,Towerstream
90062,AT&T Internet,Spectrum,T-Mobile 5G Home Internet,Viasat,HughesNet,EarthLink,Verizon,Starry Internet,Sonic
90063,AT&T Internet,Spectrum,T-Mobile 5G Home Internet,Viasat,HughesNet,Frontier,EarthLink,Verizon,Sonic,ConnectTo
90064,AT&T Internet,Spectrum,Frontier,T-Mobile 5G Home Internet,Viasat,HughesNet,Starry Internet,Verizon,EarthLink,Sonic
90065,AT&T Internet,Spectrum,T-Mobile 5G Home Internet,Viasat,HughesNet,EarthLink,Verizon,Starry Internet,Sonic
90066,Spectrum,Frontier,T-Mobile 5G Home Internet,Viasat,HughesNet,AT&T Internet,Starry Internet,EarthLink,Verizon,Towerstream,Race
90067,AT&T Internet,Spectrum,T-Mobile 5G Home Internet,Viasat,HughesNet,EarthLink,Verizon,Starry Internet,Sonic,Towerstream
90068,AT&T Internet,Spectrum,T-Mobile 5G Home Internet,Viasat,HughesNet,EarthLink,Starry Internet,Verizon,Sonic,Go Creative Wireless,ConnectTo,Towerstream
90069,AT&T Internet,Spectrum,T-Mobile 5G Home Internet,Viasat,HughesNet,Starry Internet,EarthLink,Verizon,Sonic,Towerstream,Astound Broadband Powered by Wave
90071,Spectrum,AT&T Internet,Viasat,HughesNet,T-Mobile 5G Home Internet,EarthLink,Verizon,Starry Internet
90073,Spectrum,Frontier,Viasat,HughesNet,AT&T Internet,Towerstream
90077,Spectrum,T-Mobile 5G Home Internet,Frontier,Viasat,HughesNet,AT&T Internet,EarthLink 5G Home Internet,Starry Internet,Towerstream
90089,AT&T Internet,Spectrum,T-Mobile 5G Home Internet,Viasat,HughesNet,EarthLink 5G Home Internet,Verizon
90094,Spectrum,T-Mobile 5G Home Internet,Frontier,Viasat,HughesNet,Race,Starry Internet,Verizon,EarthLink 5G Home Internet,Towerstream
90095,Spectrum,T-Mobile 5G Home Internet,Frontier,Viasat,HughesNet,EarthLink 5G Home Internet
90201,AT&T Internet,Spectrum,T-Mobile 5G Home Internet,Viasat,HughesNet,Frontier,Xfinity,Verizon,EarthLink,Sonic,Towerstream
90210,AT&T Internet,Spectrum,T-Mobile 5G Home Internet,Viasat,HughesNet,EarthLink,Starry Internet,DR Internet,Towerstream,Sonic
90211,AT&T Internet,Spectrum,T-Mobile 5G Home Internet,Viasat,HughesNet,EarthLink,Starry Internet,Verizon,Sonic,Smartaira,Towerstream
90212,AT&T Internet,Spectrum,T-Mobile 5G Home Internet,Viasat,HughesNet,EarthLink,Starry Internet,Verizon,Sonic,Towerstream
90220,AT&T Internet,Spectrum,T-Mobile 5G Home Internet,Viasat,HughesNet,EarthLink,Towerstream,DSI Stream,Sonic
90221,AT&T Internet,Spectrum,T-Mobile 5G Home Internet,Viasat,HughesNet,EarthLink,Towerstream
90222,AT&T Internet,Spectrum,T-Mobile 5G Home Internet,Viasat,HughesNet,Frontier,EarthLink,Verizon
90230,AT&T Internet,Spectrum,T-Mobile 5G Home Internet,Frontier,Viasat,HughesNet,Verizon,Starry Internet,EarthLink,Sonic,Astound Broadband Powered by Wave,Towerstream,Race
90232,AT&T Internet,Spectrum,T-Mobile 5G Home Internet,Viasat,HughesNet,Frontier,EarthLink,Starry Internet,Verizon,Sonic,Towerstream
90240,Spectrum,Frontier,T-Mobile 5G Home Internet,Viasat,HughesNet,EarthLink 5G Home Internet,Towerstream
90241,Spectrum,Frontier,T-Mobile 5G Home Internet,Viasat,HughesNet,AT&T Internet,EarthLink,Towerstream
90242,Spectrum,Frontier,T-Mobile 5G Home Internet,Viasat,HughesNet,AT&T Internet,EarthLink
90245,AT&T Internet,Spectrum,T-Mobile 5G Home Internet,Viasat,HughesNet,Frontier,EarthLink,Verizon,Race,Towerstream,Big Sky Internet
90247,AT&T Internet,Spectrum,T-Mobile 5G Home Internet,Viasat,HughesNet,EarthLink,Sonic,Towerstream,Race,Smartaira
90248,AT&T Internet,Spectrum,T-Mobile 5G Home Internet,Viasat,HughesNet,EarthLink,DSI Stream,Sonic,Smartaira,Towerstream,Astound Broadband Powered by Wave
90249,AT&T Internet,Spectrum,T-Mobile 5G Home Internet,Viasat,HughesNet,EarthLink,Towerstream
90250,AT&T Internet,Spectrum,T-Mobile 5G Home Internet,Viasat,HughesNet,EarthLink,Verizon,Sonic,Towerstream,Race
90254,Spectrum,Frontier,T-Mobile 5G Home Internet,Viasat,HughesNet,EarthLink,Oasis Broadband,Race
90255,AT&T Internet,Spectrum,T-Mobile 5G Home Internet,Viasat,HughesNet,EarthLink,Verizon,Sonic,ConnectTo,Towerstream
90260,AT&T Internet,Spectrum,Frontier,T-Mobile 5G Home Internet,Viasat,HughesNet,EarthLink,Sonic
90261,AT&T Internet,Spectrum,Frontier,T-Mobile 5G Home Internet,Viasat,HughesNet,EarthLink,Sonic
90262,AT&T Internet,Spectrum,T-Mobile 5G Home Internet,Viasat,HughesNet,EarthLink,Towerstream
90263,Spectrum,Viasat,Starlink,HughesNet,T-Mobile 5G Home Internet,Frontier,Go Creative Wireless,EarthLink 5G Home Internet
90265,Spectrum,Frontier,T-Mobile 5G Home Internet,Viasat,HughesNet,AT&T Internet,EarthLink 5G Home Internet,Go Creative Wireless,Towerstream
90266,Spectrum,Frontier,T-Mobile 5G Home Internet,Viasat,HughesNet,AT&T Internet,EarthLink,Race,Sonic
90270,AT&T Internet,Spectrum,T-Mobile 5G Home Internet,Viasat,HughesNet,EarthLink,Towerstream
90272,Spectrum,Frontier,Viasat,HughesNet,T-Mobile 5G Home Internet,EarthLink,Starry Internet,Go Creative Wireless,Towerstream
90274,Cox,Frontier,T-Mobile 5G Home Internet,Viasat,HughesNet,AT&T Internet,Spectrum,EarthLink 5G Home Internet,Race
90275,Cox,Frontier,T-Mobile 5G Home Internet,Viasat,HughesNet,AT&T Internet,Spectrum,EarthLink 5G Home Internet,Towerstream,Race
90277,Spectrum,Frontier,T-Mobile 5G Home Internet,Viasat,HughesNet,Cox,EarthLink,Smartaira,Race
90278,Spectrum,Frontier,T-Mobile 5G Home Internet,Viasat,HughesNet,AT&T Internet,EarthLink
90280,AT&T Internet,Spectrum,T-Mobile 5G Home Internet,Viasat,HughesNet,Frontier,EarthLink,Verizon,Sonic,Towerstream
90290,Spectrum,Frontier,Viasat,Starlink,HughesNet,T-Mobile 5G Home Internet,AT&T Internet,Go Creative Wireless,EarthLink 5G Home Internet
90291,Spectrum,Frontier,T-Mobile 5G Home Internet,Viasat,HughesNet,AT&T Internet,Starry Internet,Verizon,EarthLink 5G Home Internet
90292,Spectrum,Frontier,T-Mobile 5G Home Internet,Viasat,HughesNet,Starry Internet,Verizon,EarthLink 5G Home Internet,Towerstream,Smartaira,Race,Astound Broadband Powered by Wave
90293,Spectrum,T-Mobile 5G Home Internet,Frontier,Viasat,HughesNet,AT&T Internet,Verizon,Starry Internet,EarthLink 5G Home Internet,Towerstream,Smartaira
90301,AT&T Internet,Spectrum,Viasat,HughesNet,T-Mobile 5G Home Internet,EarthLink,Verizon,Starry Internet,Sonic,Towerstream,Race
90302,AT&T Internet,Spectrum,T-Mobile 5G Home Internet,Viasat,HughesNet,EarthLink,Verizon,Starry Internet,Sonic,Towerstream
90303,AT&T Internet,Spectrum,T-Mobile 5G Home Internet,Viasat,HughesNet,EarthLink,Verizon,Towerstream,Sonic
90304,AT&T Internet,Spectrum,T-Mobile 5G Home Internet,Viasat,HughesNet,EarthLink,Verizon,Sonic,Race,Starry Internet
90305,AT&T Internet,Spectrum,T-Mobile 5G Home Internet,Viasat,HughesNet,EarthLink,Verizon
90401,Spectrum,Frontier,T-Mobile 5G Home Internet,Viasat,HughesNet,AT&T Internet,EarthLink,Starry Internet,Verizon,Towerstream,Smartaira
90402,Spectrum,Frontier,T-Mobile 5G Home Internet,Viasat,HughesNet,EarthLink,Starry Internet,Verizon,Towerstream
90403,Spectrum,Frontier,Viasat,HughesNet,T-Mobile 5G Home Internet,Starry Internet,Verizon,EarthLink
90404,Spectrum,T-Mobile 5G Home Internet,Frontier,Viasat,HughesNet,AT&T Internet,Starry Internet,Verizon,EarthLink,Towerstream
90405,Spectrum,Frontier,T-Mobile 5G Home Internet,Viasat,HughesNet,EarthLink,Starry Internet,Verizon,Towerstream
90501,AT&T Internet,Spectrum,T-Mobile 5G Home Internet,Viasat,HughesNet,EarthLink,Sonic,Towerstream
90502,AT&T Internet,Spectrum,T-Mobile 5G Home Internet,Viasat,HughesNet,EarthLink,Towerstream
90503,Spectrum,Frontier,T-Mobile 5G Home Internet,Viasat,HughesNet,AT&T Internet,EarthLink,Towerstream,Race,Sonic
90504,AT&T Internet,Spectrum,T-Mobile 5G Home Internet,Viasat,HughesNet,Frontier,EarthLink,Towerstream,Sonic
90505,AT&T Internet,Spectrum,Frontier,T-Mobile 5G Home Internet,Viasat,HughesNet,Cox,EarthLink,Race,Towerstream,Sonic
90506,Spectrum,AT&T Internet,Viasat,HughesNet,EarthLink
90601,Spectrum,Frontier,T-Mobile 5G Home Internet,Viasat,HughesNet,EarthLink 5G Home Internet,Towerstream
90602,Spectrum,Frontier,T-Mobile 5G Home Internet,Viasat,HughesNet,EarthLink 5G Home Internet,Towerstream
90603,Spectrum,Frontier,T-Mobile 5G Home Internet,Viasat,HughesNet,EarthLink
90604,Spectrum,Frontier,T-Mobile 5G Home Internet,Viasat,HughesNet,EarthLink 5G Home Internet
90605,Spectrum,Frontier,T-Mobile 5G Home Internet,Viasat,HughesNet,EarthLink
90606,Spectrum,Frontier,T-Mobile 5G Home Internet,Viasat,HughesNet,EarthLink,Towerstream
90623,AT&T Internet,Spectrum,T-Mobile 5G Home Internet,Viasat,HughesNet,Frontier,EarthLink
90630,AT&T Internet,Spectrum,T-Mobile 5G Home Internet,Viasat,HughesNet,Frontier,EarthLink,Towerstream
90631,Spectrum,Frontier,T-Mobile 5G Home Internet,Viasat,HughesNet,AT&T Internet,EarthLink
90638,Spectrum,Frontier,T-Mobile 5G Home Internet,Viasat,HughesNet,AT&T Internet,EarthLink,Towerstream,Sonic
90639,Spectrum,Frontier,T-Mobile 5G Home Internet,Viasat,HughesNet,AT&T Internet,EarthLink,Towerstream,Sonic
90640,AT&T Internet,Spectrum,T-Mobile 5G Home Internet,Viasat,HughesNet,Frontier,EarthLink,ConnectTo,Sonic,Towerstream
90650,Spectrum,Frontier,T-Mobile 5G Home Internet,Viasat,HughesNet,EarthLink,Towerstream
90660,Spectrum,Frontier,T-Mobile 5G Home Internet,Viasat,HughesNet,AT&T Internet,EarthLink,Towerstream,Race
90670,Spectrum,Frontier,Viasat,HughesNet,T-Mobile 5G Home Internet,AT&T Internet,EarthLink 5G Home Internet,Towerstream,Mitec
90701,Spectrum,Frontier,Viasat,HughesNet,T-Mobile 5G Home Internet,EarthLink
90703,Spectrum,Frontier,T-Mobile 5G Home Internet,Viasat,HughesNet,AT&T Internet,EarthLink 5G Home Internet,Towerstream
90706,Spectrum,Frontier,T-Mobile 5G Home Internet,Viasat,HughesNet,AT&T Internet,EarthLink,Towerstream
90710,AT&T Internet,Spectrum,T-Mobile 5G Home Internet,Viasat,HughesNet,Cox,EarthLink,Sonic
90712,AT&T Internet,Spectrum,T-Mobile 5G Home Internet,Frontier,Viasat,HughesNet,EarthLink
90713,Spectrum,Frontier,T-Mobile 5G Home Internet,Viasat,HughesNet,EarthLink
90715,Spectrum,Frontier,T-Mobile 5G Home Internet,Viasat,HughesNet,EarthLink,Smartaira
90716,Spectrum,Frontier,T-Mobile 5G Home Internet,Viasat,HughesNet,EarthLink 5G Home Internet,Towerstream
90717,AT&T Internet,Spectrum,T-Mobile 5G Home Internet,Viasat,HughesNet,Cox,EarthLink,Sonic,Race
90723,AT&T Internet,Spectrum,T-Mobile 5G Home Internet,Viasat,HughesNet,Frontier,EarthLink,Sonic,Towerstream
90731,AT&T Internet,Spectrum,Cox,T-Mobile 5G Home Internet,Viasat,HughesNet,Frontier,EarthLink,Sonic,Towerstream
90732,AT&T Internet,Spectrum,Cox,T-Mobile 5G Home Internet,Viasat,HughesNet,EarthLink,Sonic,Ranch WiFi
90744,AT&T Internet,Spectrum,T-Mobile 5G Home Internet,Viasat,HughesNet,Frontier,EarthLink,Towerstream,Sonic
90745,AT&T Internet,Spectrum,T-Mobile 5G Home Internet,Viasat,HughesNet,EarthLink,Towerstream
90746,AT&T Internet,Spectrum,T-Mobile 5G Home Internet,Viasat,HughesNet,EarthLink,DSI Stream,Race,Towerstream
90747,Spectrum,Viasat,HughesNet,DSI Stream
90755,Spectrum,Frontier,T-Mobile 5G Home Internet,Viasat,HughesNet,Xfinity,EarthLink,Towerstream
90802,Spectrum,Frontier,T-Mobile 5G Home Internet,Viasat,HughesNet,Xfinity,AT&T Internet,EarthLink,Verizon,Smartaira,Towerstream
90803,Spectrum,Frontier,Viasat,HughesNet,T-Mobile 5G Home Internet,EarthLink,Verizon
90804,Spectrum,Frontier,T-Mobile 5G Home Internet,Viasat,HughesNet,EarthLink,Verizon
90805,Spectrum,Frontier,T-Mobile 5G Home Internet,Viasat,HughesNet,AT&T Internet,EarthLink 5G Home Internet,Sonic,Towerstream,Astound Broadband Powered by Wave
90806,Spectrum,Frontier,T-Mobile 5G Home Internet,Viasat,HughesNet,Verizon,EarthLink 5G Home Internet,Towerstream
90807,Spectrum,Frontier,T-Mobile 5G Home Internet,Viasat,HughesNet,AT&T Internet,EarthLink 5G Home Internet,Towerstream
90808,Spectrum,Frontier,T-Mobile 5G Home Internet,Viasat,HughesNet,EarthLink,Towerstream
90810,Spectrum,Frontier,T-Mobile 5G Home Internet,Viasat,HughesNet,AT&T Internet,EarthLink 5G Home Internet,Towerstream
90813,Spectrum,Frontier,T-Mobile 5G Home Internet,Viasat,HughesNet,AT&T Internet,Verizon,EarthLink 5G Home Internet,Towerstream
90814,Spectrum,Frontier,T-Mobile 5G Home Internet,Viasat,HughesNet,EarthLink,Verizon
90815,Spectrum,Frontier,T-Mobile 5G Home Internet,Viasat,HughesNet,EarthLink,Verizon,Towerstream
90822,Spectrum,Frontier,Viasat,HughesNet
90831,Spectrum,Frontier,Viasat,HughesNet
90840,Spectrum,Frontier,T-Mobile 5G Home Internet,Viasat,HughesNet,AT&T Internet,Xfinity,Verizon,EarthLink,Smartaira,Towerstream,Sonic
90846,Spectrum,Frontier,T-Mobile 5G Home Internet,Viasat,HughesNet,AT&T Internet,Xfinity,Verizon,EarthLink,Smartaira,Towerstream,Sonic
91001,AT&T Internet,Spectrum,T-Mobile 5G Home Internet,Viasat,HughesNet,EarthLink,Sonic,ConnectTo
91006,AT&T Internet,Spectrum,T-Mobile 5G Home Internet,Viasat,HughesNet,Frontier,EarthLink,Giggle Fiber,Sonic,Towerstream
91007,AT&T Internet,Spectrum,T-Mobile 5G Home Internet,Viasat,HughesNet,EarthLink,Giggle Fiber,Towerstream,Sonic
91008,Spectrum,Frontier,T-Mobile 5G Home Internet,Viasat,HughesNet,AT&T Internet,EarthLink 5G Home Internet
91010,Spectrum,Frontier,T-Mobile 5G Home Internet,Viasat,HughesNet,EarthLink
91011,AT&T Internet,Spectrum,T-Mobile 5G Home Internet,Viasat,HughesNet,EarthLink,Go Creative Wireless,Towerstream,ConnectTo
91016,Spectrum,Frontier,T-Mobile 5G Home Internet,Viasat,HughesNet,AT&T Internet,EarthLink,Giggle Fiber,Towerstream
91020,AT&T Internet,Spectrum,T-Mobile 5G Home Internet,Viasat,Starlink,HughesNet,EarthLink,Go Creative Wireless,ConnectTo
91023,
91024,Spectrum,Frontier,T-Mobile 5G Home Internet,Viasat,HughesNet,AT&T Internet,EarthLink 5G Home Internet
91030,AT&T Internet,Spectrum,T-Mobile 5G Home Internet,Viasat,HughesNet,EarthLink,Sonic
91040,Spectrum,Frontier,T-Mobile 5G Home Internet,Viasat,Starlink,HughesNet,AT&T Fiber,Go Creative Wireless,EarthLink 5G Home Internet
91042,Spectrum,T-Mobile 5G Home Internet,Frontier,Viasat,Starlink,HughesNet,AT&T Internet,Google Fiber,Go Creative Wireless,EarthLink 5G Home Internet,ConnectTo
91046,AT&T Internet,Spectrum,Viasat,Starlink,HughesNet,Go Creative Wireless
91101,AT&T Internet,Spectrum,T-Mobile 5G Home Internet,Viasat,HughesNet,EarthLink,Verizon,Sonic,ConnectTo,Towerstream
91103,AT&T Internet,Spectrum,T-Mobile 5G Home Internet,Viasat,HughesNet,EarthLink,Verizon,Sonic,ConnectTo,Towerstream
91104,AT&T Internet,Spectrum,T-Mobile 5G Home Internet,Viasat,HughesNet,EarthLink,ConnectTo,Sonic
91105,AT&T Internet,Spectrum,T-Mobile 5G Home Internet,Viasat,HughesNet,EarthLink,Verizon,Sonic,Towerstream
91106,AT&T Internet,Spectrum,T-Mobile 5G Home Internet,Viasat,HughesNet,EarthLink,Verizon,Sonic,ConnectTo
91107,AT&T Internet,Spectrum,T-Mobile 5G Home Internet,Viasat,HughesNet,Frontier,EarthLink,Verizon,ConnectTo,Towerstream
91108,AT&T Internet,Spectrum,T-Mobile 5G Home Internet,Viasat,HughesNet,EarthLink,Sonic
91125,AT&T Internet,Spectrum,T-Mobile 5G Home Internet,Viasat,HughesNet,Frontier,EarthLink,Verizon,Sonic,ConnectTo,Towerstream
91126,AT&T Internet,Spectrum,T-Mobile 5G Home Internet,Viasat,HughesNet,Frontier,EarthLink,Verizon,Sonic,ConnectTo,Towerstream
91201,AT&T Internet,Spectrum,T-Mobile 5G Home Internet,Viasat,HughesNet,Go Creative Wireless,EarthLink,ConnectTo,Sonic,Starry Internet,Towerstream
91202,AT&T Internet,Spectrum,T-Mobile 5G Home Internet,Viasat,HughesNet,Go Creative Wireless,EarthLink,Starry Internet,ConnectTo,Sonic
91203,AT&T Internet,Spectrum,T-Mobile 5G Home Internet,Viasat,HughesNet,EarthLink,Starry Internet,ConnectTo,Go Creative Wireless,Sonic,Towerstream
91204,AT&T Internet,Spectrum,T-Mobile 5G Home Internet,Viasat,HughesNet,EarthLink,Starry Internet,Verizon,ConnectTo,Sonic,Towerstream
91205,AT&T Internet,Spectrum,T-Mobile 5G Home Internet,Viasat,HughesNet,EarthLink,Starry Internet,ConnectTo,Sonic,Towerstream
91206,AT&T Internet,Spectrum,T-Mobile 5G Home Internet,Viasat,HughesNet,EarthLink,Starry Internet,Verizon,ConnectTo,Go Creative Wireless,Sonic,Towerstream
91207,AT&T Internet,Spectrum,T-Mobile 5G Home Internet,Viasat,HughesNet,EarthLink,Go Creative Wireless,Starry Internet,ConnectTo,Towerstream,Sonic
91208,AT&T Internet,Spectrum,T-Mobile 5G Home Internet,Viasat,HughesNet,EarthLink,Go Creative Wireless,ConnectTo
91210,AT&T Internet,Spectrum,T-Mobile 5G Home Internet,Viasat,HughesNet,EarthLink,Starry Internet,Verizon
91214,AT&T Internet,Spectrum,T-Mobile 5G Home Internet,Viasat,Starlink,HughesNet,Frontier,Go Creative Wireless,EarthLink,ConnectTo
91301,AT&T Internet,Spectrum,T-Mobile 5G Home Internet,Viasat,HughesNet,EarthLink,Go Creative Wireless,Towerstream
91302,Spectrum,AT&T Internet,T-Mobile 5G Home Internet,Viasat,HughesNet,Xfinity,Frontier,Go Creative Wireless,EarthLink 5G Home Internet,Towerstream
91303,AT&T Internet,Spectrum,T-Mobile 5G Home Internet,Viasat,HughesNet,EarthLink,Go Creative Wireless,Starry Internet,Verizon,Sonic
91304,AT&T Internet,Spectrum,T-Mobile 5G Home Internet,Viasat,HughesNet,Go Creative Wireless,EarthLink,Verizon,Sonic,Towerstream
91306,AT&T Internet,Spectrum,T-Mobile 5G Home Internet,Viasat,HughesNet,EarthLink,Go Creative Wireless,Verizon,Starry Internet,Sonic
91307,AT&T Internet,Spectrum,Viasat,HughesNet,T-Mobile 5G Home Internet,Go Creative Wireless,EarthLink,Starry Internet,Sonic
91311,AT&T Internet,Spectrum,T-Mobile 5G Home Internet,Viasat,HughesNet,Frontier,Go Creative Wireless,EarthLink,Verizon,Towerstream
91316,AT&T Internet,Spectrum,T-Mobile 5G Home Internet,Viasat,HughesNet,EarthLink,Starry Internet,Towerstream,Sonic
91321,AT&T Internet,Spectrum,T-Mobile 5G Home Internet,Viasat,HughesNet,EarthLink,Go Creative Wireless,Towerstream
91324,AT&T Internet,Spectrum,T-Mobile 5G Home Internet,Viasat,HughesNet,Frontier,EarthLink,Verizon,Go Creative Wireless,Sonic,Towerstream,ConnectTo
91325,AT&T Internet,Spectrum,T-Mobile 5G Home Internet,Viasat,HughesNet,Frontier,EarthLink,Verizon,Sonic
91326,Spectrum,Frontier,T-Mobile 5G Home Internet,Viasat,HughesNet,AT&T Internet,Go Creative Wireless,Verizon,EarthLink 5G Home Internet
91330,AT&T Internet,Spectrum,T-Mobile 5G Home Internet,Viasat,HughesNet,Frontier,EarthLink 5G Home Internet
91331,Spectrum,Frontier,T-Mobile 5G Home Internet,Viasat,HughesNet,AT&T Internet,EarthLink 5G Home Internet,Go Creative Wireless,Towerstream
91335,AT&T Internet,Spectrum,T-Mobile 5G Home Internet,Viasat,HughesNet,EarthLink,Verizon,Starry Internet,Sonic,ConnectTo,Go Creative Wireless
91340,Spectrum,Frontier,T-Mobile 5G Home Internet,Viasat,Starlink,HughesNet,EarthLink,Go Creative Wireless
91342,Spectrum,Frontier,T-Mobile 5G Home Internet,Viasat,HughesNet,AT&T Fiber,Go Creative Wireless,EarthLink 5G Home Internet,ConnectTo
91343,Spectrum,Frontier,T-Mobile 5G Home Internet,Viasat,HughesNet,AT&T Internet,EarthLink,Verizon
91344,Spectrum,Frontier,T-Mobile 5G Home Internet,Viasat,HughesNet,EarthLink 5G Home Internet,Go Creative Wireless,ConnectTo
91345,Spectrum,Frontier,T-Mobile 5G Home Internet,Viasat,HughesNet,EarthLink 5G Home Internet,Towerstream
91350,AT&T Internet,Spectrum,T-Mobile 5G Home Internet,Viasat,HughesNet,EarthLink,Go Creative Wireless
91351,AT&T Internet,Spectrum,T-Mobile 5G Home Internet,Viasat,HughesNet,EarthLink,Go Creative Wireless
91352,AT&T Internet,Spectrum,T-Mobile 5G Home Internet,Viasat,HughesNet,Frontier,EarthLink,Go Creative Wireless,ConnectTo,Towerstream,Sonic
91354,AT&T Internet,Spectrum,T-Mobile 5G Home Internet,Viasat,HughesNet,Go Creative Wireless,EarthLink,Towerstream
91355,AT&T Internet,Spectrum,T-Mobile 5G Home Internet,Viasat,HughesNet,EarthLink,Go Creative Wireless,Towerstream
91356,AT&T Internet,Spectrum,T-Mobile 5G Home Internet,Viasat,HughesNet,EarthLink,Starry Internet,Sonic,Towerstream
91361,Spectrum,AT&T Internet,Frontier,T-Mobile 5G Home Internet,Viasat,HughesNet,EarthLink 5G Home Internet,Towerstream
91362,Spectrum,Frontier,T-Mobile 5G Home Internet,Viasat,HughesNet,AT&T Internet,EarthLink,Go Creative Wireless,Smartaira,Towerstream
91364,AT&T Internet,Spectrum,T-Mobile 5G Home Internet,Viasat,HughesNet,EarthLink,Starry Internet,Go Creative Wireless,Sonic
91367,AT&T Internet,Spectrum,T-Mobile 5G Home Internet,Viasat,HughesNet,EarthLink,Verizon,Starry Internet,Go Creative Wireless,Sonic,Smartaira,Towerstream
91381,AT&T Internet,Spectrum,Viasat,HughesNet,T-Mobile 5G Home Internet,Go Creative Wireless,EarthLink
91382,AT&T Internet,Spectrum,T-Mobile 5G Home Internet,Viasat,HughesNet,EarthLink,Go Creative Wireless,Antelecom,Towerstream
91384,AT&T Internet,Spectrum,T-Mobile 5G Home Internet,Viasat,HughesNet,Go Creative Wireless,EarthLink,Towerstream
91387,AT&T Internet,Spectrum,T-Mobile 5G Home Internet,Viasat,Starlink,HughesNet,EarthLink,Go Creative Wireless,Antelecom
91390,AT&T Internet,Spectrum,T-Mobile 5G Home Internet,Viasat,HughesNet,Go Creative Wireless,EarthLink,Antelecom,Towerstream
91401,AT&T Internet,Spectrum,T-Mobile 5G Home Internet,Viasat,HughesNet,EarthLink,Starry Internet,ConnectTo,Sonic
91402,AT&T Internet,Spectrum,Frontier,T-Mobile 5G Home Internet,Viasat,HughesNet,Verizon,EarthLink,Starry Internet,Towerstream,ConnectTo
91403,AT&T Internet,Spectrum,T-Mobile 5G Home Internet,Viasat,HughesNet,Frontier,EarthLink,Starry Internet,Sonic,Ranch WiFi
91405,AT&T Internet,Spectrum,T-Mobile 5G Home Internet,Viasat,HughesNet,EarthLink,Starry Internet,ConnectTo,Sonic
91406,AT&T Internet,Spectrum,T-Mobile 5G Home Internet,Viasat,HughesNet,Frontier,EarthLink,Starry Internet,Antelecom,Sonic,ConnectTo,Towerstream
91411,AT&T Internet,Spectrum,T-Mobile 5G Home Internet,Viasat,HughesNet,EarthLink,Starry Internet,ConnectTo,Astound Broadband Powered by Wave,Sonic,Towerstream
91423,AT&T Internet,Spectrum,T-Mobile 5G Home Internet,Viasat,HughesNet,EarthLink,Verizon,Starry Internet,Sonic
91436,AT&T Internet,Spectrum,Viasat,HughesNet,Frontier,T-Mobile 5G Home Internet,EarthLink,Starry Internet,Sonic,Towerstream
91501,AT&T Internet,Spectrum,T-Mobile 5G Home Internet,Viasat,HughesNet,Go Creative Wireless,EarthLink,ConnectTo,Sonic,Smartaira
91502,AT&T Internet,Spectrum,T-Mobile 5G Home Internet,Viasat,HughesNet,EarthLink,Go Creative Wireless,ConnectTo,Sonic,Towerstream
91504,AT&T Internet,Spectrum,T-Mobile 5G Home Internet,Viasat,HughesNet,Go Creative Wireless,EarthLink,ConnectTo,Sonic,Smartaira
91505,AT&T Internet,Spectrum,T-Mobile 5G Home Internet,Viasat,HughesNet,EarthLink,Go Creative Wireless,ConnectTo
91506,AT&T Internet,Spectrum,T-Mobile 5G Home Internet,Viasat,HughesNet,EarthLink,Go Creative Wireless,Verizon,Sonic,Towerstream,ConnectTo
91521,AT&T Internet,Spectrum,T-Mobile 5G Home Internet,Viasat,HughesNet,EarthLink,Go Creative Wireless,Verizon,ConnectTo,Sonic,Smartaira,Towerstream
91522,AT&T Internet,Spectrum,T-Mobile 5G Home Internet,Viasat,HughesNet,EarthLink,Go Creative Wireless,Verizon,ConnectTo,Sonic,Smartaira,Towerstream
91523,AT&T Internet,Spectrum,T-Mobile 5G Home Internet,Viasat,HughesNet,EarthLink,Go Creative Wireless,Verizon,ConnectTo,Sonic,Smartaira,Towerstream
91601,AT&T Internet,Spectrum,T-Mobile 5G Home Internet,Viasat,HughesNet,EarthLink,ConnectTo,Sonic,Go Creative Wireless
91602,AT&T Internet,Spectrum,T-Mobile 5G Home Internet,Viasat,HughesNet,EarthLink,Sonic,ConnectTo
91604,AT&T Internet,Spectrum,T-Mobile 5G Home Internet,Viasat,HughesNet,EarthLink,Sonic,Smartaira,Towerstream
91605,AT&T Internet,Spectrum,T-Mobile 5G Home Internet,Viasat,HughesNet,EarthLink,Starry Internet,ConnectTo,Sonic,Go Creative Wireless,Towerstream
91606,AT&T Internet,Spectrum,T-Mobile 5G Home Internet,Viasat,HughesNet,EarthLink,Go Creative Wireless,ConnectTo,Starry Internet,Sonic,Towerstream
91607,AT&T Internet,Spectrum,T-Mobile 5G Home Internet,Viasat,HughesNet,EarthLink,ConnectTo,Sonic,Towerstream
91608,AT&T Internet,Spectrum,T-Mobile 5G Home Internet,Viasat,HughesNet,Towerstream
91702,Spectrum,Frontier,T-Mobile 5G Home Internet,Viasat,HughesNet,EarthLink,Antelecom
91706,Spectrum,Frontier,T-Mobile 5G Home Internet,Viasat,HughesNet,AT&T Internet,EarthLink 5G Home Internet,Towerstream
91709,Spectrum,Frontier,T-Mobile 5G Home Internet,Viasat,HughesNet,AT&T Internet,EarthLink 5G Home Internet,Z FIBER
91710,Spectrum,Frontier,T-Mobile 5G Home Internet,Viasat,HughesNet,EarthLink 5G Home Internet,Smartaira,Z FIBER,Towerstream,Greenfield
91711,Spectrum,Frontier,T-Mobile 5G Home Internet,Viasat,HughesNet,AT&T Internet,EarthLink 5G Home Internet,Indco Cable
91722,Spectrum,Frontier,T-Mobile 5G Home Internet,Viasat,HughesNet,EarthLink
91723,Spectrum,Frontier,T-Mobile 5G Home Internet,Viasat,HughesNet,AT&T Internet,EarthLink,Towerstream
91724,Spectrum,Frontier,T-Mobile 5G Home Internet,Viasat,HughesNet,Rise Broadband,EarthLink 5G Home Internet
91731,AT&T Internet,Spectrum,T-Mobile 5G Home Internet,Viasat,HughesNet,EarthLink,Sonic,Towerstream
91732,AT&T Internet,Spectrum,T-Mobile 5G Home Internet,Viasat,HughesNet,EarthLink,Sonic
91733,AT&T Internet,Spectrum,T-Mobile 5G Home Internet,Viasat,HughesNet,Frontier,EarthLink,Sonic,Towerstream
91740,Spectrum,Frontier,T-Mobile 5G Home Internet,Viasat,HughesNet,EarthLink 5G Home Internet
91741,Spectrum,Frontier,T-Mobile 5G Home Internet,Viasat,HughesNet,EarthLink
91744,Spectrum,Frontier,T-Mobile 5G Home Internet,Viasat,HughesNet,AT&T Internet,EarthLink,Towerstream
91745,Spectrum,Frontier,T-Mobile 5G Home Internet,Viasat,HughesNet,EarthLink 5G Home Internet,Towerstream
91746,Spectrum,Frontier,T-Mobile 5G Home Internet,Viasat,HughesNet,AT&T Internet,EarthLink 5G Home Internet,Towerstream
91748,Spectrum,Frontier,T-Mobile 5G Home Internet,Viasat,HughesNet,EarthLink 5G Home Internet,Towerstream,Race
91750,Spectrum,Frontier,T-Mobile 5G Home Internet,Viasat,HughesNet,AT&T Internet,EarthLink,Antelecom,Smartaira
91754,AT&T Internet,Spectrum,T-Mobile 5G Home Internet,Viasat,HughesNet,EarthLink,Verizon,Sonic,Towerstream
91755,AT&T Internet,Spectrum,T-Mobile 5G Home Internet,Viasat,HughesNet,EarthLink,Sonic
91759,Frontier,Viasat,HughesNet,Spectrum,Antelecom
91765,Spectrum,Frontier,T-Mobile 5G Home Internet,Viasat,HughesNet,EarthLink,Towerstream
91766,Spectrum,Frontier,Viasat,HughesNet,AT&T Internet,T-Mobile 5G Home Internet,EarthLink 5G Home Internet
91767,Spectrum,Frontier,T-Mobile 5G Home Internet,Viasat,HughesNet,AT&T Internet,EarthLink
91768,Spectrum,Frontier,T-Mobile 5G Home Internet,Viasat,HughesNet,AT&T Internet,EarthLink 5G Home Internet
91770,AT&T Internet,Spectrum,T-Mobile 5G Home Internet,Viasat,HughesNet,EarthLink,Sonic,Towerstream
91773,Spectrum,Frontier,T-Mobile 5G Home Internet,Viasat,HughesNet,AT&T Internet,EarthLink 5G Home Internet
91775,AT&T Internet,Spectrum,T-Mobile 5G Home Internet,Viasat,HughesNet,EarthLink,Sonic,Towerstream
91776,AT&T Internet,Spectrum,T-Mobile 5G Home Internet,Viasat,HughesNet,EarthLink,Sonic,Towerstream
91780,AT&T Internet,Spectrum,T-Mobile 5G Home Internet,Viasat,HughesNet,EarthLink,Sonic
91789,Spectrum,Frontier,T-Mobile 5G Home Internet,Viasat,HughesNet,EarthLink,Towerstream,Astound Broadband Powered by Wave
91790,Spectrum,Frontier,T-Mobile 5G Home Internet,Viasat,HughesNet,EarthLink,Towerstream
91791,Spectrum,Frontier,T-Mobile 5G Home Internet,Viasat,HughesNet,EarthLink 5G Home Internet,Towerstream
91792,Spectrum,Frontier,T-Mobile 5G Home Internet,Viasat,HughesNet,EarthLink 5G Home Internet
91801,AT&T Internet,Spectrum,T-Mobile 5G Home Internet,Viasat,HughesNet,EarthLink,Sonic,Towerstream
91803,AT&T Internet,Spectrum,T-Mobile 5G Home Internet,Viasat,HughesNet,EarthLink,Race,Sonic
92397,Spectrum,T-Mobile 5G Home Internet,Frontier,Viasat,Starlink,HughesNet,Ultimate Internet Access,EarthLink 5G Home Internet,Antelecom
92821,AT&T Internet,Spectrum,T-Mobile 5G Home Internet,Viasat,HughesNet,Frontier,EarthLink,Sonic
92823,AT&T Internet,Spectrum,Viasat,HughesNet,T-Mobile 5G Home Internet,EarthLink
93243,AT&T Internet,T-Mobile 5G Home Internet,Viasat,Starlink,HughesNet,Frontier,Frazier Mountain Internet Service,EarthLink,DR Internet,unWired,Applied Technology Group
93510,Spectrum,AT&T Internet,T-Mobile 5G Home Internet,Viasat,Starlink,HughesNet,Antelecom,Go Creative Wireless,EarthLink 5G Home Internet
93523,Spectrum,AT&T Internet,Frontier,Viasat,Starlink,HughesNet,Antelecom,EarthLink
93532,Spectrum,Frontier,Viasat,Starlink,HughesNet,T-Mobile 5G Home Internet,EarthLink 5G Home Internet,Antelecom
93534,Spectrum,Frontier,T-Mobile 5G Home Internet,Viasat,Starlink,HughesNet,Antelecom,EarthLink 5G Home Internet,Smartaira
93535,Spectrum,Frontier,T-Mobile 5G Home Internet,Viasat,Starlink,HughesNet,AT&T Internet,Antelecom,EarthLink 5G Home Internet,Southeast MN WIFI
93536,Spectrum,Frontier,T-Mobile 5G Home Internet,Viasat,Starlink,HughesNet,AT&T Internet,Antelecom,EarthLink 5G Home Internet
93543,Spectrum,AT&T Internet,Viasat,HughesNet,T-Mobile 5G Home Internet,Antelecom,EarthLink 5G Home Internet
93544,Viasat,HughesNet,AT&T Internet,T-Mobile 5G Home Internet,Frontier,EarthLink 5G Home Internet,Race,Antelecom
93550,AT&T Internet,Spectrum,T-Mobile 5G Home Internet,Viasat,HughesNet,Frontier,Antelecom,EarthLink,Windstream,ConnectTo
93551,AT&T Internet,Spectrum,T-Mobile 5G Home Internet,Viasat,Starlink,HughesNet,Frontier,Antelecom,EarthLink,Go Creative Wireless
93552,AT&T Internet,Spectrum,T-Mobile 5G Home Internet,Viasat,HughesNet,Frontier,EarthLink,Antelecom
93553,Spectrum,T-Mobile 5G Home Internet,Viasat,HughesNet,AT&T Internet,EarthLink 5G Home Internet,Antelecom
93563,Spectrum,Frontier,Viasat,HughesNet,T-Mobile 5G Home Internet,AT&T,Antelecom,Ultimate Internet Access,EarthLink 5G Home Internet
93591,Spectrum,AT&T Internet,Viasat,Starlink,HughesNet,T-Mobile 5G Home Internet,Frontier,EarthLink,Antelecom
90704,Viasat,Starlink,HughesNet,AT&T Internet,Catalina Broadband Solutions,Lokket
